net,length_um
net36,2.190525mm
_0383_,1.048115mm
clknet_0_clk,722.22µm
_0553_,403.63µm
_0911_,360.25µm
clknet_3_6__leaf_clk,357.755µm
clknet_3_2__leaf_clk,357.08µm
_0912_,354.54µm
Encode_EN,325.975µm
_0187_,311.34µm
OpSel_reg\[0\],309.745µm
clknet_3_0__leaf_clk,306.565µm
clknet_3_3__leaf_clk,298.97µm
clknet_3_1__leaf_clk,280.18µm
a_r3\[3\],278.915µm
clknet_3_7__leaf_clk,277.695µm
_0910_,264.61µm
clk,247.95µm
_0185_,238.04µm
_0188_,233.36µm
B_reg\[1\],233.06µm
clknet_3_4__leaf_clk,212.72µm
clknet_3_5__leaf_clk,210.37µm
B_reg\[2\],207.66µm
CRT_Start,204.88µm
A_reg\[0\],204.06µm
A_reg\[1\],201.02µm
A_reg\[6\],195.58µm
_0186_,191.18µm
B_reg\[4\],190.425µm
net33,189.72µm
net34,187.92µm
A_reg\[11\],187.74µm
A_reg\[10\],185.36µm
A_reg\[3\],178.98µm
A_reg\[9\],172.54µm
B_reg\[5\],171.16µm
net399,166.94µm
A_reg\[2\],166.04µm
b_r1\[0\],165.28µm
B_reg\[3\],162.195µm
A_reg\[4\],161.985µm
_0184_,160.64µm
_0554_,158.76µm
A_reg\[8\],157.73µm
a_r3\[1\],155.275µm
A_reg\[7\],154.79µm
a_r3\[2\],153.9µm
A_reg\[13\],151.92µm
a_r3\[0\],151.775µm
net80,144.29µm
net17,140.72µm
a_r1\[0\],138.055µm
B_reg\[8\],137.36µm
a_r2\[0\],137.22µm
B_reg\[7\],134.675µm
B_reg\[6\],133.98µm
net9,120.78µm
net10,116.88µm
net11,115.98µm
_0604_,113.42µm
net8,112.86µm
A_reg\[5\],112.275µm
net12,110.04µm
net78,108.48µm
b_r3\[1\],108.15µm
_0903_,106.02µm
_0892_,105.84µm
net37,104.48µm
_0574_,103.72µm
b_r2\[2\],102.09µm
_0564_,100.17µm
B_reg\[0\],98.38µm
net79,95.88µm
b_r1\[2\],95.35µm
_0890_,95.14µm
_0580_,94.54µm
_1354_,94.18µm
net35,92.48µm
b_r0\[0\],92.41µm
a_r1\[1\],92.38µm
_0901_,92.28µm
a_r1\[2\],91.44µm
_0900_,91.02µm
B_reg\[11\],89.81µm
_0778_,89.72µm
_0628_,87.7µm
_0899_,87.64µm
net113,86.455µm
net396,86.14µm
A_reg\[14\],85.9µm
B_reg\[9\],85.455µm
_0743_,84.825µm
net13,84.8µm
b_r2\[0\],84.7µm
_0889_,84.46µm
_0894_,84.36µm
_0573_,84.145µm
_0891_,83.66µm
_1546_,83.48µm
OpSel_reg\[1\],83µm
_0902_,81.74µm
_0732_,80.54µm
net1,80.12µm
b_r3\[0\],78.4µm
B_reg\[10\],77.88µm
_1352_,77.44µm
_0907_,77.24µm
b_r0\[1\],75.82µm
_0673_,75.64µm
net54,75.575µm
_0561_,74.94µm
net52,74.8µm
_0469_,74.72µm
a_r2\[1\],74.175µm
net87,70.74µm
B_reg\[12\],69.91µm
b_r2\[1\],69.5µm
X_crt\[4\],69.44µm
_0624_,69.26µm
B_reg\[14\],68.62µm
_0803_,67.68µm
u_crt.start_d,66.78µm
_0790_,64.7µm
A_reg\[12\],64.58µm
_0387_,64.55µm
_0307_,64.46µm
a_r2\[2\],64.18µm
_0909_,63.68µm
b_r1\[1\],63.675µm
_1387_,63.2µm
_0798_,63.18µm
_0234_,63.16µm
_0422_,63.14µm
_1159_,63µm
_0579_,62.88µm
_0571_,62.72µm
net58,62.6µm
_0858_,61.52µm
net85,61.46µm
B_reg\[13\],61.16µm
net404,60.82µm
_1388_,60.78µm
net55,60.34µm
net88,59.92µm
_0848_,59.78µm
a_r0\[0\],58.715µm
B_reg\[15\],57.25µm
_1160_,56.2µm
_1324_,54.08µm
net28,53.9µm
_1544_,53.3µm
_0111_,53.19µm
_0777_,53.1µm
_0623_,52.84µm
_1315_,52.6µm
_0612_,52.38µm
_0767_,52.28µm
_0607_,52.16µm
_1343_,51.96µm
_0841_,51.46µm
_0453_,50.56µm
_0563_,50.46µm
_0897_,50.42µm
a_r0\[1\],50.24µm
_0232_,50.12µm
u_crt.r3\[2\],50.12µm
_0722_,49.84µm
_0888_,49.1µm
u_crt.r3\[0\],49.08µm
_0850_,48.96µm
_0854_,48.58µm
net64,48.28µm
CU_state_dbg\[1\],48.08µm
b_r3\[3\],47.15µm
CU_state_dbg\[2\],46.86µm
_1186_,46.27µm
_0906_,45.5µm
_1071_,45.29µm
u_crt.r1\[1\],44.86µm
_0908_,44.84µm
_1011_,44.52µm
_0268_,44.5µm
_0436_,44.02µm
net56,43.66µm
_0905_,43.52µm
_1322_,43.5µm
_1474_,43.24µm
_1332_,42.8µm
_0688_,42.68µm
_1336_,42.68µm
_1218_,42.32µm
_0799_,42.14µm
_0216_,42.1µm
_0914_,41.92µm
u_crt.r3\[1\],41.72µm
X_crt\[9\],41.68µm
_0706_,41.26µm
_0847_,41.26µm
_0974_,41.14µm
_1156_,40.76µm
_0895_,40.2µm
_0972_,39.9µm
_0681_,39.58µm
_0175_,39.54µm
u_crt.r3\[3\],39.44µm
_0423_,39.2µm
_1356_,39.12µm
_1155_,39.06µm
_0586_,39µm
_0122_,38.88µm
_0611_,38.7µm
u_crt.r2\[0\],38.62µm
_1176_,38.5µm
_0570_,38.33µm
_0575_,38.2µm
_1415_,37.82µm
_0108_,37.48µm
_0834_,37.48µm
net4,37.48µm
_0409_,37.44µm
_0904_,37.435µm
b_r3\[2\],37.04µm
u_crt.r2\[1\],37.04µm
_1555_,36.88µm
_0411_,36.86µm
_0724_,36.74µm
_0420_,36.66µm
_0872_,36.42µm
_0384_,36.33µm
_1207_,36.32µm
_0977_,35.86µm
_1496_,35.79µm
_1307_,35.72µm
_0827_,35.7µm
_0815_,35.695µm
_1199_,35.68µm
_0105_,35.6µm
_1499_,35.54µm
_0129_,35.36µm
_1021_,35.28µm
net29,35.12µm
_0746_,35.04µm
_0826_,35.02µm
_1440_,34.78µm
_1090_,34.64µm
_0558_,34.52µm
_0923_,34.26µm
_1134_,34.235µm
_1452_,34.1µm
_0341_,33.99µm
_1570_,33.78µm
_0949_,33.76µm
_1431_,33.72µm
_0346_,33.48µm
_0435_,33.28µm
_0338_,33.18µm
_0306_,32.64µm
_1050_,32.58µm
_0224_,32.4µm
_1140_,32.38µm
u_crt.r1\[2\],32.26µm
net53,32.08µm
_0471_,31.98µm
_0622_,31.92µm
_1495_,31.9µm
u_crt.r2\[2\],31.88µm
net51,31.78µm
_0408_,31.66µm
X_crt\[5\],31.62µm
_0478_,31.57µm
_1255_,31.55µm
_0525_,31.54µm
_0258_,31.26µm
_1194_,31.035µm
_0297_,31µm
_0562_,30.96µm
_1506_,30.92µm
net23,30.86µm
_0321_,30.85µm
_0143_,30.84µm
_0773_,30.62µm
_1345_,30.6µm
_0421_,30.54µm
_1521_,30.54µm
_1292_,30.52µm
_0566_,30.34µm
_0542_,30.3µm
_0504_,30.24µm
_0613_,30.24µm
_0718_,30.24µm
_0320_,30.2µm
_1179_,30.2µm
_0393_,30.06µm
_0461_,29.98µm
_0135_,29.94µm
_0155_,29.84µm
_1592_,29.7µm
_1047_,29.66µm
_0142_,29.64µm
_0479_,29.575µm
_1168_,29.36µm
_1439_,29.32µm
_0144_,29.3µm
_0443_,29.28µm
_1595_,29.2µm
_1190_,29.14µm
net47,29.1µm
_1240_,29.08µm
_0655_,29.06µm
_0873_,28.96µm
_1527_,28.92µm
_0483_,28.86µm
_0832_,28.82µm
_0844_,28.74µm
_1266_,28.74µm
_0276_,28.66µm
_0493_,28.66µm
_1170_,28.6µm
_0813_,28.58µm
_1485_,28.42µm
_1229_,28.32µm
_0552_,28.24µm
_0805_,28.24µm
_0763_,28.04µm
_0113_,27.9µm
_0852_,27.86µm
_0693_,27.72µm
_1420_,27.62µm
_0455_,27.54µm
_1500_,27.18µm
_0820_,27.06µm
_1285_,27µm
net400,26.98µm
_0313_,26.965µm
_0804_,26.95µm
_0364_,26.88µm
_1493_,26.88µm
net39,26.76µm
_0953_,26.66µm
_0451_,26.595µm
_1430_,26.48µm
_0754_,26.44µm
_0855_,26.38µm
_1516_,26.36µm
_0594_,26.255µm
_0168_,26.22µm
u_crt.r1\[0\],26.22µm
_1428_,26.12µm
_0326_,26.04µm
_0109_,25.94µm
_0835_,25.94µm
_0334_,25.88µm
_0610_,25.82µm
X_crt\[0\],25.8µm
_0220_,25.8µm
_1462_,25.76µm
_0237_,25.6µm
_1427_,25.54µm
_0744_,25.5µm
_0884_,25.5µm
_0223_,25.4µm
_1306_,25.34µm
_1586_,25.27µm
_1261_,25.22µm
_0238_,25.205µm
_1410_,25.18µm
_0115_,25.14µm
_0137_,25.14µm
_0768_,25.14µm
_0352_,25.08µm
_0399_,25.08µm
_1589_,24.88µm
_1238_,24.82µm
_0592_,24.67µm
_0446_,24.58µm
_1486_,24.52µm
_0125_,24.5µm
_0404_,24.34µm
_0314_,24.3µm
_1550_,24.12µm
_0222_,24.06µm
_1568_,24.04µm
_0312_,23.96µm
_1063_,23.95µm
_0966_,23.94µm
_0793_,23.88µm
_0363_,23.84µm
_1601_,23.84µm
_0577_,23.8µm
CU_state_dbg\[0\],23.68µm
_0402_,23.68µm
_0390_,23.6µm
_0578_,23.5µm
_0780_,23.5µm
_0476_,23.49µm
_1251_,23.46µm
_0433_,23.44µm
X_crt\[2\],23.42µm
_0375_,23.4µm
_0414_,23.34µm
_0394_,23.33µm
_1169_,23.32µm
_1374_,23.32µm
_1473_,23.32µm
net2,23.32µm
_1483_,23.22µm
_0519_,23.16µm
_1212_,23.14µm
_0318_,23.1µm
_0761_,23.1µm
_0606_,22.88µm
_0988_,22.88µm
_0233_,22.86µm
_1044_,22.86µm
_0499_,22.84µm
_0877_,22.82µm
_1163_,22.82µm
_1523_,22.8µm
_1161_,22.76µm
_0516_,22.72µm
_0582_,22.72µm
_1539_,22.7µm
_0583_,22.68µm
_1067_,22.68µm
_0764_,22.64µm
_0522_,22.62µm
_0531_,22.6µm
_0817_,22.6µm
_1088_,22.6µm
_0328_,22.58µm
_0280_,22.56µm
_1252_,22.5µm
_0995_,22.48µm
_1036_,22.48µm
_0661_,22.465µm
_0989_,22.41µm
_0416_,22.4µm
_0867_,22.4µm
_0413_,22.38µm
_0919_,22.38µm
_1510_,22.355µm
_0689_,22.3µm
_0870_,22.285µm
_0242_,22.28µm
_0760_,22.24µm
_0814_,22.24µm
_1574_,22.2µm
_0136_,22.08µm
_0456_,22µm
_0452_,21.94µm
_0153_,21.86µm
_1275_,21.86µm
_1359_,21.86µm
u_crt.r0\[1\],21.84µm
ALU_EN,21.8µm
_0290_,21.78µm
_0514_,21.76µm
_1424_,21.76µm
_0978_,21.7µm
_0254_,21.68µm
_0410_,21.66µm
_0887_,21.66µm
_0729_,21.62µm
_0368_,21.58µm
_0762_,21.54µm
_0971_,21.54µm
_1173_,21.54µm
_1272_,21.52µm
_0733_,21.46µm
_0957_,21.46µm
_0934_,21.42µm
net45,21.38µm
_0556_,21.36µm
_0138_,21.3µm
_1082_,21.26µm
_0822_,21.22µm
_0794_,21.16µm
_0405_,21.07µm
_0330_,20.96µm
_0960_,20.96µm
_1442_,20.96µm
_1338_,20.94µm
_0173_,20.9µm
_1300_,20.88µm
_1584_,20.86µm
_0929_,20.84µm
_1222_,20.84µm
_1461_,20.82µm
X_crt\[10\],20.8µm
_0261_,20.76µm
_1119_,20.74µm
_0837_,20.735µm
_0648_,20.72µm
_0726_,20.7µm
_1377_,20.7µm
_0371_,20.67µm
_0438_,20.66µm
_0932_,20.62µm
_0670_,20.58µm
_1204_,20.54µm
_1381_,20.54µm
_0600_,20.52µm
_1364_,20.44µm
_0920_,20.4µm
_1537_,20.4µm
_1600_,20.38µm
_1211_,20.36µm
_0114_,20.3µm
_0353_,20.3µm
_0480_,20.24µm
_1123_,20.2µm
_1367_,20.2µm
_0621_,20.16µm
_1394_,20.16µm
_0131_,20.12µm
net14,20.02µm
_0502_,19.92µm
_1093_,19.9µm
_1597_,19.9µm
_1065_,19.84µm
net7,19.82µm
_1033_,19.74µm
_0391_,19.7µm
_0753_,19.7µm
_1591_,19.62µm
net313,19.62µm
net93,19.61µm
X_crt\[3\],19.56µm
_1026_,19.54µm
_0991_,19.44µm
_1459_,19.42µm
_1040_,19.34µm
_1223_,19.34µm
_1061_,19.3µm
_0462_,19.2µm
_0756_,19.16µm
_1602_,19.16µm
_0354_,19.14µm
net26,19.14µm
_0750_,19.12µm
_1007_,19.08µm
_0727_,19.02µm
_0748_,19µm
_1582_,19µm
_0685_,18.98µm
_1246_,18.98µm
_1578_,18.96µm
_1203_,18.95µm
_1006_,18.9µm
_1234_,18.88µm
_0593_,18.86µm
_1372_,18.86µm
_1518_,18.86µm
_0170_,18.78µm
_1013_,18.78µm
_1075_,18.74µm
_0937_,18.68µm
_1012_,18.66µm
_1030_,18.6µm
_1171_,18.6µm
_0981_,18.58µm
_0712_,18.56µm
_0415_,18.54µm
_0473_,18.48µm
_0739_,18.48µm
_0943_,18.48µm
_0936_,18.46µm
_0828_,18.44µm
_0284_,18.42µm
_0581_,18.4µm
_1137_,18.4µm
net3,18.38µm
_1575_,18.34µm
_0429_,18.32µm
_0846_,18.26µm
_0210_,18.22µm
_1326_,18.22µm
_0213_,18.2µm
_1016_,18.2µm
_1256_,18.16µm
_0508_,18.15µm
_1552_,18.14µm
net60,18.14µm
_1086_,18.06µm
_0801_,18.04µm
_0721_,18.02µm
net44,18.02µm
_0631_,17.98µm
_0317_,17.94µm
_0496_,17.94µm
_1511_,17.94µm
_1487_,17.92µm
_1594_,17.92µm
_0996_,17.88µm
_1369_,17.86µm
_1507_,17.82µm
_1058_,17.76µm
_0540_,17.74µm
_1279_,17.73µm
_1205_,17.72µm
_1127_,17.7µm
_1398_,17.7µm
_1466_,17.64µm
_0715_,17.62µm
_1556_,17.62µm
_1113_,17.6µm
_1450_,17.6µm
_0127_,17.58µm
_1018_,17.56µm
net21,17.56µm
_1177_,17.52µm
_0117_,17.48µm
_1068_,17.4µm
_0741_,17.34µm
_0332_,17.32µm
_0132_,17.24µm
_0559_,17.24µm
_1286_,17.24µm
_1215_,17.23µm
_0567_,17.22µm
_1347_,17.18µm
_0945_,17.14µm
_1390_,17.12µm
_0725_,17.1µm
_0898_,17.1µm
net18,17.1µm
_0147_,17.08µm
_1530_,17.08µm
_0305_,17.06µm
_0674_,17.06µm
u_crt.r0\[0\],17.06µm
_1022_,17.02µm
_1593_,17.02µm
_0106_,16.98µm
_0997_,16.98µm
_0986_,16.94µm
_0608_,16.78µm
_0428_,16.74µm
_0506_,16.72µm
_1590_,16.68µm
_0740_,16.64µm
_0921_,16.64µm
_0374_,16.6µm
_0795_,16.6µm
_1573_,16.6µm
_1076_,16.575µm
_1054_,16.56µm
_1366_,16.56µm
net22,16.54µm
_0656_,16.52µm
net30,16.48µm
_0151_,16.46µm
_1290_,16.4µm
X_crt\[6\],16.38µm
_0541_,16.38µm
_1133_,16.34µm
_0585_,16.28µm
_1293_,16.28µm
_0979_,16.26µm
_0596_,16.24µm
_0669_,16.24µm
net257,16.24µm
_0627_,16.155µm
Op_Sel[0],16.14µm
_1153_,16.13µm
_1599_,16.1µm
net32,16.08µm
_0775_,16.06µm
_0293_,16.04µm
_0765_,16.03µm
_1519_,16.015µm
_0385_,15.98µm
_1579_,15.98µm
_0629_,15.96µm
_0342_,15.94µm
_0270_,15.92µm
net49,15.88µm
_0530_,15.84µm
_0713_,15.82µm
_0955_,15.815µm
_1392_,15.8µm
_1280_,15.78µm
_0351_,15.76µm
_0687_,15.76µm
_0818_,15.725µm
net40,15.72µm
_1598_,15.7µm
_1454_,15.68µm
_0211_,15.64µm
_0164_,15.62µm
_1583_,15.62µm
X_crt\[7\],15.6µm
_0675_,15.6µm
_0619_,15.565µm
_0696_,15.565µm
_1259_,15.56µm
net6,15.52µm
net16,15.52µm
_1270_,15.48µm
_1214_,15.46µm
_1202_,15.42µm
net46,15.42µm
_1587_,15.4µm
_1072_,15.38µm
_0141_,15.34µm
_0465_,15.34µm
_1045_,15.34µm
_0194_,15.32µm
_0714_,15.32µm
_0301_,15.3µm
_0536_,15.3µm
_0569_,15.28µm
_0498_,15.27µm
net41,15.26µm
_0389_,15.22µm
_0527_,15.22µm
_0686_,15.22µm
_1479_,15.18µm
_0719_,15.14µm
_1370_,15.14µm
X_crt\[8\],15.1µm
_0431_,15.06µm
_0150_,15.02µm
_1312_,15.02µm
_0120_,15µm
_0432_,14.96µm
_1335_,14.94µm
_0277_,14.88µm
_0643_,14.88µm
_0831_,14.84µm
net43,14.8µm
_1085_,14.78µm
_1220_,14.76µm
_0638_,14.72µm
_0708_,14.72µm
_1402_,14.72µm
_0376_,14.7µm
_0678_,14.68µm
_0450_,14.6µm
_1295_,14.6µm
_1101_,14.56µm
_1225_,14.56µm
_0336_,14.54µm
_1571_,14.54µm
_1580_,14.52µm
_1477_,14.5µm
_1508_,14.5µm
_0512_,14.48µm
_0526_,14.48µm
_0442_,14.46µm
_0738_,14.44µm
_0664_,14.42µm
_1083_,14.42µm
_1049_,14.4µm
_0118_,14.38µm
_1124_,14.38µm
_0863_,14.36µm
_0426_,14.34µm
_0645_,14.34µm
_0690_,14.32µm
_0158_,14.26µm
_1334_,14.26µm
_0871_,14.24µm
_0862_,14.22µm
_0495_,14.18µm
_1236_,14.18µm
_0235_,14.1µm
_0770_,14.1µm
_0933_,14.1µm
_1297_,14.1µm
_0782_,14.06µm
_0913_,14.06µm
_0796_,14.055µm
_0206_,14.02µm
_0236_,13.98µm
_0856_,13.98µm
_0550_,13.96µm
_1451_,13.96µm
_0572_,13.955µm
_1549_,13.95µm
_1029_,13.94µm
_1456_,13.94µm
_0174_,13.92µm
_1243_,13.92µm
_1185_,13.88µm
net42,13.88µm
_0228_,13.86µm
_0823_,13.86µm
_1098_,13.86µm
_0425_,13.84µm
_1001_,13.84µm
_0730_,13.76µm
_0159_,13.74µm
_1311_,13.74µm
_0412_,13.72µm
_0879_,13.72µm
_1247_,13.68µm
_1349_,13.68µm
_0962_,13.62µm
_1167_,13.6µm
_1596_,13.58µm
_0535_,13.56µm
_1395_,13.56µm
_0200_,13.54µm
_0494_,13.54µm
_1172_,13.54µm
_1603_,13.54µm
_0829_,13.52µm
_1513_,13.52µm
_0183_,13.5µm
_0539_,13.5µm
_0683_,13.5µm
_1346_,13.5µm
_1559_,13.5µm
_1276_,13.465µm
_0489_,13.46µm
_0709_,13.46µm
_1025_,13.46µm
_1447_,13.44µm
_1488_,13.44µm
_1042_,13.42µm
_1106_,13.42µm
_1138_,13.42µm
_1562_,13.42µm
net121,13.39µm
_0788_,13.38µm
_1121_,13.34µm
_1470_,13.34µm
net107,13.34µm
_0749_,13.26µm
_1103_,13.26µm
_1531_,13.26µm
_1146_,13.24µm
_1564_,13.24µm
_0731_,13.22µm
_0806_,13.22µm
_1350_,13.205µm
_0362_,13.2µm
_0810_,13.2µm
net38,13.2µm
_0534_,13.18µm
_0747_,13.18µm
_1052_,13.18µm
_1491_,13.18µm
_0702_,13.16µm
_1572_,13.16µm
_0392_,13.14µm
_1008_,13.14µm
_0160_,13.12µm
_0676_,13.12µm
_0684_,13.1µm
_0697_,13.1µm
_1105_,13.08µm
_0544_,13.06µm
_0922_,13.06µm
_1380_,13.04µm
_1414_,13.04µm
net84,13.04µm
_1418_,13.02µm
_0969_,13µm
_1191_,13µm
_1468_,13µm
_1330_,12.98µm
_0204_,12.96µm
_0460_,12.96µm
_1289_,12.96µm
_1419_,12.96µm
_1569_,12.96µm
_0166_,12.92µm
_0950_,12.92µm
_1533_,12.92µm
net117,12.92µm
_0717_,12.88µm
_0751_,12.86µm
_1232_,12.86µm
_1260_,12.84µm
_0327_,12.8µm
_0695_,12.8µm
_1296_,12.8µm
net86,12.8µm
_1327_,12.78µm
net242,12.78µm
_1319_,12.74µm
_0598_,12.72µm
_0215_,12.7µm
_0956_,12.7µm
_0373_,12.68µm
_1157_,12.68µm
_1310_,12.68µm
_1425_,12.68µm
net309,12.68µm
_0617_,12.64µm
_1024_,12.64µm
_1131_,12.64µm
_1273_,12.64µm
X_crt\[13\],12.62µm
_1376_,12.62µm
_1314_,12.6µm
_1478_,12.58µm
net157,12.58µm
_1092_,12.56µm
X_crt\[12\],12.54µm
_0616_,12.54µm
_0365_,12.52µm
_0786_,12.505µm
_0325_,12.46µm
_0437_,12.46µm
_0395_,12.44µm
_1299_,12.44µm
_1469_,12.44µm
_1174_,12.425µm
net5,12.42µm
_0296_,12.415µm
_0477_,12.415µm
_0231_,12.4µm
Op_Sel[1],12.38µm
_0680_,12.38µm
_1150_,12.34µm
_1333_,12.34µm
_1361_,12.34µm
net315,12.34µm
CRT_Done,12.3µm
_1566_,12.28µm
_1437_,12.2µm
_0868_,12.18µm
_0121_,12.16µm
_0663_,12.16µm
_0267_,12.14µm
_0008_,12.12µm
net20,12.12µm
net50,12.12µm
_1560_,12.1µm
_0288_,12.08µm
_0255_,12.04µm
_1079_,12.02µm
_0609_,12µm
_1091_,12µm
_1278_,12µm
_1403_,12µm
X_crt\[14\],11.96µm
_0568_,11.96µm
_1490_,11.94µm
_1073_,11.92µm
_1287_,11.92µm
_0659_,11.88µm
_0565_,11.8µm
_1188_,11.8µm
_1498_,11.785µm
net317,11.78µm
_0630_,11.76µm
_1095_,11.76µm
_0723_,11.74µm
_1489_,11.74µm
_1526_,11.74µm
_0584_,11.72µm
_1436_,11.68µm
_1148_,11.66µm
_1532_,11.66µm
_1561_,11.66µm
_0758_,11.6µm
_0172_,11.58µm
_0893_,11.58µm
_0227_,11.56µm
_0281_,11.56µm
_0472_,11.54µm
_1231_,11.52µm
_1553_,11.52µm
_0249_,11.5µm
_1227_,11.48µm
_1197_,11.46µm
_0927_,11.44µm
net19,11.44µm
_0853_,11.42µm
_1038_,11.42µm
_1504_,11.42µm
_0860_,11.38µm
_0177_,11.36µm
_0434_,11.36µm
_0388_,11.34µm
_0397_,11.34µm
_0482_,11.34µm
_1262_,11.28µm
_1540_,11.28µm
_0518_,11.24µm
_1046_,11.24µm
_0139_,11.2µm
_0468_,11.2µm
_0797_,11.2µm
_0948_,11.2µm
_0140_,11.18µm
_0218_,11.175µm
_0925_,11.16µm
_1027_,11.16µm
_1475_,11.08µm
_1209_,11.06µm
_0647_,11.055µm
_0448_,11.02µm
_0262_,11µm
_1233_,11µm
net124,11µm
_0126_,10.96µm
_0449_,10.92µm
_0984_,10.92µm
_1400_,10.92µm
_1412_,10.91µm
_0272_,10.9µm
_0167_,10.86µm
_0555_,10.86µm
_1399_,10.86µm
X_crt\[15\],10.84µm
_0857_,10.84µm
_0737_,10.82µm
_1066_,10.82µm
net83,10.82µm
_1145_,10.8µm
_0116_,10.78µm
_0396_,10.78µm
_1041_,10.78µm
_0632_,10.75µm
_0441_,10.74µm
_0513_,10.74µm
_0742_,10.74µm
_1463_,10.74µm
_1457_,10.72µm
ALU_Done_all,10.68µm
_1059_,10.68µm
_0808_,10.66µm
_1175_,10.64µm
_1535_,10.62µm
_0124_,10.6µm
_0587_,10.58µm
_0711_,10.58µm
_0992_,10.58µm
_1015_,10.58µm
_1087_,10.58µm
net77,10.54µm
_1294_,10.52µm
_0347_,10.46µm
_1298_,10.46µm
net116,10.46µm
_0087_,10.44µm
_0792_,10.44µm
_0528_,10.42µm
_0557_,10.42µm
_0331_,10.4µm
_1070_,10.38µm
_1308_,10.38µm
_0928_,10.36µm
_1386_,10.34µm
_0406_,10.32µm
_1014_,10.32µm
_1094_,10.3µm
_0791_,10.28µm
_1196_,10.28µm
_1181_,10.26µm
_1471_,10.26µm
_0505_,10.24µm
_0940_,10.24µm
_1277_,10.24µm
net158,10.24µm
X_crt\[1\],10.22µm
_0486_,10.2µm
net24,10.2µm
net311,10.2µm
A_reg\[15\],10.16µm
_1217_,10.12µm
_0576_,10.08µm
_0633_,10.08µm
_0716_,10.08µm
_1189_,10.08µm
net409,10.08µm
_0752_,10.04µm
_0875_,10.04µm
_0926_,10.04µm
_1143_,10.02µm
_0548_,10µm
_0635_,10µm
_0917_,10µm
_0161_,9.98µm
net48,9.98µm
_1497_,9.96µm
_1567_,9.96µm
net61,9.96µm
_0212_,9.94µm
_1283_,9.94µm
_1435_,9.94µm
_0590_,9.92µm
_0602_,9.92µm
_0176_,9.9µm
_0419_,9.9µm
_0636_,9.9µm
_1130_,9.9µm
_1064_,9.88µm
net403,9.88µm
_0417_,9.86µm
_0491_,9.86µm
_1128_,9.86µm
net25,9.86µm
_0350_,9.82µm
_0864_,9.82µm
_0965_,9.82µm
_1378_,9.82µm
net119,9.82µm
_1258_,9.805µm
_0295_,9.78µm
_0963_,9.78µm
_1445_,9.78µm
_1318_,9.76µm
_0240_,9.74µm
_0329_,9.74µm
_1563_,9.72µm
_0652_,9.68µm
_0699_,9.66µm
_1055_,9.66µm
_1541_,9.66µm
A_in[0],9.64µm
A_in[10],9.64µm
A_in[11],9.64µm
A_in[12],9.64µm
A_in[13],9.64µm
A_in[14],9.64µm
A_in[15],9.64µm
A_in[7],9.64µm
A_in[8],9.64µm
A_in[9],9.64µm
_0358_,9.625µm
_1503_,9.605µm
_0199_,9.6µm
_0146_,9.58µm
_0197_,9.58µm
_0784_,9.58µm
_1198_,9.55µm
_0275_,9.54µm
_0935_,9.54µm
_1152_,9.54µm
_0157_,9.52µm
_0439_,9.52µm
_0163_,9.5µm
_0245_,9.5µm
_0315_,9.5µm
_0484_,9.5µm
_1269_,9.5µm
_1340_,9.5µm
_0736_,9.48µm
_1301_,9.48µm
_1385_,9.48µm
net91,9.48µm
_0703_,9.46µm
_1180_,9.46µm
_1383_,9.46µm
_1557_,9.46µm
_0938_,9.44µm
_1035_,9.42µm
_1302_,9.42µm
_1512_,9.42µm
_1201_,9.4µm
net407,9.4µm
_1434_,9.38µm
_0162_,9.36µm
_0217_,9.36µm
_0470_,9.36µm
_0878_,9.36µm
_1524_,9.34µm
_1304_,9.32µm
_0323_,9.305µm
_1396_,9.28µm
_0302_,9.26µm
_1039_,9.24µm
_1264_,9.24µm
_1542_,9.24µm
_0547_,9.18µm
_0500_,9.16µm
_1151_,9.16µm
_1154_,9.16µm
_1344_,9.14µm
_0123_,9.12µm
_0154_,9.08µm
_1267_,9.06µm
net82,9.06µm
_0202_,9.04µm
_0589_,9.04µm
_0488_,9.02µm
_0546_,9.02µm
_0615_,9.02µm
_0666_,9.02µm
net318,9.02µm
_0952_,8.98µm
_1116_,8.98µm
_1192_,8.98µm
_0361_,8.96µm
_1348_,8.94µm
_1543_,8.94µm
_1480_,8.92µm
_0256_,8.9µm
_0851_,8.9µm
net94,8.9µm
net402,8.9µm
_0941_,8.86µm
_1147_,8.82µm
_1443_,8.8µm
_1502_,8.8µm
_0641_,8.78µm
_1309_,8.78µm
_1529_,8.78µm
net71,8.78µm
_0007_,8.74µm
Start,8.72µm
_1357_,8.66µm
_1528_,8.66µm
_0010_,8.62µm
_0400_,8.62µm
_0475_,8.62µm
_1109_,8.62µm
_1142_,8.62µm
A_in[3],8.61µm
A_in[4],8.61µm
_0335_,8.58µm
_1056_,8.58µm
_1384_,8.58µm
_1509_,8.58µm
net251,8.58µm
_0259_,8.56µm
_0382_,8.56µm
_0839_,8.56µm
_0869_,8.56µm
_1248_,8.56µm
_0916_,8.54µm
_0983_,8.52µm
_1515_,8.52µm
_0241_,8.48µm
_0356_,8.48µm
_0720_,8.48µm
_1476_,8.48µm
_0649_,8.46µm
_0072_,8.44µm
_0201_,8.44µm
_1000_,8.44µm
_1455_,8.44µm
_1534_,8.44µm
_0075_,8.4µm
_0769_,8.4µm
_1355_,8.4µm
_0225_,8.38µm
_0646_,8.36µm
_0265_,8.34µm
_0283_,8.34µm
_0691_,8.34µm
_0759_,8.34µm
_1099_,8.34µm
_1481_,8.34µm
_1339_,8.32µm
_1391_,8.28µm
A_in[5],8.27µm
_0264_,8.26µm
_1351_,8.26µm
_0640_,8.24µm
_0930_,8.24µm
_1554_,8.24µm
_0099_,8.18µm
_1268_,8.18µm
_0507_,8.16µm
_0625_,8.155µm
net90,8.14µm
_0191_,8.12µm
_0931_,8.12µm
_0642_,8.1µm
_0883_,8.1µm
_0918_,8.1µm
_1060_,8.1µm
_1472_,8.1µm
_1484_,8.1µm
_1581_,8.1µm
_0031_,8.08µm
_0044_,8.06µm
_0698_,8.06µm
_0700_,8.06µm
_0701_,8.06µm
Done,8.04µm
X_out[11],8.04µm
X_out[12],8.04µm
X_out[13],8.04µm
X_out[14],8.04µm
X_out[15],8.04µm
_0807_,8.02µm
net312,8.02µm
_0668_,7.98µm
_0682_,7.98µm
_0195_,7.96µm
_0532_,7.94µm
_0707_,7.94µm
A_in[2],7.93µm
_1404_,7.92µm
_0092_,7.9µm
_0999_,7.9µm
_1132_,7.9µm
_1329_,7.9µm
net109,7.9µm
_0294_,7.88µm
_0694_,7.865µm
X_crt\[11\],7.86µm
_0308_,7.86µm
_1281_,7.86µm
_1441_,7.86µm
_1097_,7.84µm
_0100_,7.82µm
_0603_,7.82µm
_0467_,7.815µm
_0279_,7.76µm
_0961_,7.76µm
_1080_,7.76µm
_1551_,7.76µm
_0639_,7.74µm
_0677_,7.7µm
net31,7.7µm
B_in[9],7.69µm
_0169_,7.68µm
_0208_,7.68µm
_0816_,7.68µm
_1031_,7.68µm
_1363_,7.68µm
_1411_,7.66µm
_0644_,7.64µm
net72,7.64µm
B_in[0],7.59µm
_0152_,7.56µm
_0662_,7.56µm
_0843_,7.56µm
_1303_,7.56µm
net256,7.56µm
_0517_,7.555µm
_0248_,7.52µm
_1078_,7.52µm
_0407_,7.48µm
_0757_,7.44µm
_0915_,7.44µm
_1048_,7.44µm
net62,7.42µm
_0551_,7.4µm
_0671_,7.4µm
_0924_,7.4µm
net75,7.4µm
B_in[10],7.35µm
B_in[8],7.35µm
_0679_,7.32µm
_0830_,7.32µm
_1417_,7.32µm
_0734_,7.28µm
_1242_,7.24µm
net27,7.24µm
_0027_,7.22µm
_0503_,7.22µm
_1460_,7.22µm
_0445_,7.2µm
_0510_,7.2µm
_1193_,7.2µm
_0355_,7.18µm
_0667_,7.18µm
_0672_,7.18µm
_1408_,7.18µm
_0134_,7.14µm
_0658_,7.14µm
_1514_,7.14µm
net125,7.12µm
X_out[3],7.11µm
rst_n,7.11µm
net408,7.1µm
_1389_,7.08µm
_0273_,7.075µm
_1034_,7.06µm
_1342_,7.06µm
B_in[15],7.01µm
B_in[5],7.01µm
_0340_,6.98µm
_0705_,6.98µm
_1129_,6.98µm
_1271_,6.98µm
_0230_,6.96µm
_0054_,6.94µm
_0060_,6.94µm
_0595_,6.94µm
A_in[1],6.91µm
_0463_,6.86µm
net103,6.86µm
_0018_,6.84µm
_0093_,6.84µm
_0033_,6.78µm
_0178_,6.78µm
_1009_,6.76µm
_0349_,6.74µm
_1413_,6.74µm
_1433_,6.74µm
net156,6.74µm
_0427_,6.71µm
_0533_,6.7µm
B_in[12],6.67µm
Encode_Done_A,6.66µm
_0179_,6.66µm
_0360_,6.66µm
_0005_,6.64µm
_0014_,6.64µm
_0282_,6.64µm
_0303_,6.64µm
_0316_,6.64µm
_0529_,6.64µm
_0774_,6.64µm
_0520_,6.62µm
_1104_,6.62µm
_0310_,6.6µm
_0345_,6.6µm
_0549_,6.6µm
_0653_,6.6µm
_0728_,6.6µm
_0982_,6.6µm
_1284_,6.6µm
_1321_,6.6µm
_1525_,6.6µm
_0944_,6.54µm
_0011_,6.525µm
_0251_,6.52µm
_1409_,6.52µm
_0319_,6.5µm
_0947_,6.48µm
_0964_,6.48µm
_1051_,6.48µm
net254,6.48µm
_0650_,6.4µm
_1112_,6.4µm
_1250_,6.4µm
_1382_,6.4µm
_1401_,6.4µm
net15,6.38µm
net105,6.36µm
B_in[2],6.33µm
_0039_,6.32µm
_0637_,6.32µm
_1110_,6.32µm
net133,6.32µm
_0032_,6.3µm
_0119_,6.3µm
_0459_,6.3µm
_0973_,6.3µm
_1108_,6.28µm
_1444_,6.28µm
_0066_,6.26µm
_0523_,6.26µm
_0987_,6.2µm
_1465_,6.2µm
_0243_,6.18µm
_0247_,6.18µm
_0357_,6.18µm
_1002_,6.18µm
_1371_,6.18µm
_0024_,6.14µm
_0745_,6.14µm
_0771_,6.14µm
_1136_,6.14µm
_1263_,6.14µm
X_out[6],6.09µm
_0545_,6.06µm
_0968_,6.06µm
_0976_,6.06µm
_0381_,6.035µm
_0088_,6.02µm
_0366_,6.02µm
_1149_,6.02µm
_1588_,6.02µm
net74,6.02µm
A_in[6],5.99µm
B_in[13],5.99µm
B_in[4],5.99µm
B_in[6],5.99µm
_0370_,5.98µm
_1305_,5.98µm
_0001_,5.96µm
_0094_,5.945µm
_0252_,5.94µm
_0591_,5.94µm
_1438_,5.92µm
_0299_,5.9µm
_0207_,5.86µm
_0524_,5.84µm
_0755_,5.84µm
_0954_,5.84µm
_1216_,5.84µm
_1393_,5.84µm
_1406_,5.84µm
_1407_,5.84µm
net128,5.82µm
_0002_,5.8µm
_0205_,5.8µm
_1028_,5.8µm
_1114_,5.8µm
_1141_,5.8µm
_1282_,5.8µm
_0372_,5.78µm
X_out[9],5.75µm
_0246_,5.74µm
_0285_,5.72µm
_0274_,5.68µm
_0543_,5.68µm
_1162_,5.68µm
_0401_,5.66µm
B_in[11],5.65µm
B_in[14],5.65µm
B_in[3],5.65µm
B_in[7],5.65µm
_1077_,5.62µm
_1365_,5.62µm
_0418_,5.6µm
_0022_,5.56µm
_0034_,5.56µm
net89,5.5µm
_1117_,5.485µm
_1019_,5.46µm
_1432_,5.4µm
_1505_,5.4µm
_0735_,5.38µm
_0833_,5.38µm
_0993_,5.38µm
net92,5.38µm
net248,5.38µm
_0454_,5.36µm
_1005_,5.36µm
_0133_,5.34µm
_0876_,5.34µm
_1362_,5.34µm
_1453_,5.34µm
net316,5.34µm
B_in[1],5.31µm
_1341_,5.28µm
_0023_,5.26µm
_0068_,5.26µm
_0128_,5.26µm
_0464_,5.26µm
_0800_,5.26µm
_1139_,5.26µm
_1405_,5.26µm
_0021_,5.22µm
_0107_,5.22µm
_1265_,5.22µm
_1358_,5.22µm
_1547_,5.16µm
_0020_,5.14µm
_1254_,5.14µm
_1423_,5.14µm
net247,5.14µm
_1107_,5.105µm
_0037_,5.1µm
_1096_,5.1µm
_1464_,5.1µm
X_out[0],5.07µm
X_out[1],5.07µm
X_out[7],5.07µm
net405,5.04µm
_0026_,5.02µm
_0838_,5.02µm
_1249_,5.02µm
_1316_,5.02µm
_0030_,5µm
_0074_,5µm
_0082_,5µm
_1517_,5µm
_0019_,4.94µm
_0809_,4.94µm
_0865_,4.94µm
_0038_,4.92µm
_0509_,4.92µm
_0776_,4.92µm
_0882_,4.92µm
_1239_,4.92µm
_1253_,4.92µm
_1492_,4.92µm
_0292_,4.9µm
_0812_,4.9µm
_0009_,4.88µm
_0311_,4.88µm
_1017_,4.88µm
_1368_,4.88µm
_1458_,4.88µm
_0263_,4.82µm
_0271_,4.82µm
_0886_,4.82µm
net314,4.82µm
_0250_,4.8µm
_0560_,4.8µm
_1102_,4.8µm
_1288_,4.8µm
_1379_,4.8µm
_0692_,4.76µm
_0710_,4.76µm
_0772_,4.76µm
_0845_,4.76µm
_1023_,4.76µm
_1545_,4.76µm
X_out[10],4.73µm
X_out[2],4.73µm
_0665_,4.7µm
_1274_,4.7µm
_0626_,4.68µm
_1115_,4.68µm
_1158_,4.68µm
_1375_,4.68µm
_1164_,4.66µm
_0091_,4.58µm
_0226_,4.575µm
net255,4.57µm
_0079_,4.54µm
_0182_,4.48µm
_0190_,4.48µm
_0298_,4.48µm
_1089_,4.48µm
_1100_,4.48µm
_1448_,4.48µm
net99,4.48µm
_0065_,4.46µm
_0651_,4.46µm
_1467_,4.46µm
_1536_,4.46µm
net130,4.46µm
net139,4.46µm
_0789_,4.44µm
_1183_,4.44µm
_1320_,4.44µm
net102,4.44µm
_0064_,4.42µm
X_out[4],4.39µm
X_out[5],4.39µm
X_out[8],4.39µm
_0783_,4.36µm
_1421_,4.36µm
_1520_,4.36µm
_0053_,4.34µm
_0055_,4.34µm
_0260_,4.34µm
_0521_,4.34µm
_0836_,4.34µm
_0958_,4.34µm
_1244_,4.34µm
net96,4.34µm
net129,4.34µm
_0337_,4.32µm
_0198_,4.22µm
_0896_,4.22µm
_0990_,4.22µm
net59,4.22µm
net108,4.22µm
_0070_,4.15µm
_1331_,4.14µm
_1576_,4.14µm
_0102_,4.12µm
_0193_,4.12µm
net138,4.12µm
_0000_,4.1µm
_0588_,4.1µm
_1501_,4.1µm
_0474_,4.09µm
_0084_,4.08µm
_0333_,4.08µm
_1165_,4.02µm
_0403_,4µm
_0620_,4µm
_0840_,4µm
_1010_,4µm
_1125_,4µm
net73,3.98µm
_0214_,3.9µm
_0601_,3.9µm
_1558_,3.9µm
_0377_,3.88µm
_0501_,3.88µm
_0951_,3.88µm
_1135_,3.88µm
_1178_,3.88µm
_1257_,3.88µm
net104,3.88µm
net412,3.74µm
net123,3.69µm
_0614_,3.68µm
_0942_,3.68µm
net95,3.68µm
net410,3.68µm
_1166_,3.66µm
_0487_,3.56µm
_0490_,3.56µm
_1111_,3.56µm
_1313_,3.56µm
_0103_,3.54µm
_0219_,3.54µm
_0287_,3.54µm
_0367_,3.54µm
_0430_,3.54µm
_0874_,3.54µm
_1020_,3.54µm
_1187_,3.54µm
_1397_,3.54µm
_1565_,3.54µm
net406,3.54µm
_0221_,3.44µm
_0849_,3.42µm
net397,3.4µm
_0485_,3.32µm
_0017_,3.3µm
_0078_,3.3µm
_0379_,3.3µm
_0497_,3.3µm
net76,3.3µm
_0095_,3.22µm
_0881_,3.22µm
net134,3.22µm
net411,3.22µm
_0028_,3.2µm
_0029_,3.2µm
_0344_,3.18µm
_1043_,3.18µm
net135,3.16µm
_0181_,3.1µm
net118,3.1µm
_0071_,3.08µm
_0101_,3.08µm
_0257_,3.08µm
_0286_,3.08µm
_0300_,3.08µm
_0304_,3.08µm
_0348_,3.08µm
_0605_,3.08µm
_0821_,3.08µm
_0842_,3.08µm
_0946_,3.08µm
_1422_,3.08µm
_1538_,3.08µm
u_slice0.start_d,3.08µm
net126,3.08µm
net245,3.08µm
net259,3.08µm
_1120_,3.06µm
_1230_,2.98µm
_0192_,2.96µm
_0657_,2.96µm
_0704_,2.96µm
_0787_,2.96µm
_0859_,2.96µm
_1037_,2.96µm
_1144_,2.96µm
_1328_,2.96µm
_1337_,2.96µm
_1494_,2.96µm
net243,2.96µm
_0766_,2.94µm
_0654_,2.86µm
_0080_,2.84µm
net132,2.84µm
_0189_,2.76µm
_0239_,2.76µm
_0324_,2.76µm
_0599_,2.76µm
_0825_,2.76µm
_0994_,2.76µm
_1325_,2.76µm
_1585_,2.76µm
net122,2.76µm
_0062_,2.74µm
_0085_,2.74µm
_0086_,2.74µm
_0090_,2.74µm
_0104_,2.74µm
_0013_,2.735µm
net106,2.72µm
_0253_,2.64µm
_0359_,2.64µm
_0537_,2.64µm
_0634_,2.64µm
_1004_,2.64µm
_1182_,2.64µm
_0012_,2.62µm
_0042_,2.62µm
_0061_,2.62µm
_0089_,2.62µm
_0096_,2.62µm
_0110_,2.62µm
_0343_,2.62µm
_0457_,2.62µm
_1053_,2.62µm
_1069_,2.62µm
_1235_,2.62µm
_1353_,2.62µm
_1446_,2.62µm
net244,2.62µm
net246,2.62µm
_0369_,2.52µm
_0785_,2.52µm
net401,2.52µm
_0130_,2.5µm
_0145_,2.5µm
_0660_,2.5µm
_0980_,2.5µm
_1237_,2.5µm
_1241_,2.5µm
net97,2.5µm
net249,2.5µm
_1184_,2.43µm
net98,2.4µm
_0015_,2.38µm
_0025_,2.3µm
_0481_,2.3µm
_0811_,2.3µm
_0861_,2.3µm
_0885_,2.3µm
_1003_,2.3µm
_1062_,2.3µm
_1084_,2.3µm
_1208_,2.3µm
_1577_,2.3µm
_0003_,2.28µm
_0035_,2.28µm
_0036_,2.28µm
_0041_,2.28µm
_0047_,2.28µm
_0056_,2.28µm
_0057_,2.28µm
_0059_,2.28µm
_0067_,2.28µm
_0081_,2.28µm
_0229_,2.28µm
_0309_,2.18µm
_0322_,2.18µm
_0458_,2.18µm
_0970_,2.18µm
_1074_,2.18µm
_1122_,2.18µm
_1226_,2.18µm
_1291_,2.18µm
net120,2.18µm
_0016_,2.16µm
_0049_,2.16µm
_0069_,2.16µm
_0077_,2.16µm
_0149_,2.16µm
_0165_,2.16µm
_0244_,2.16µm
_0269_,2.16µm
_0378_,2.16µm
_0466_,2.16µm
_0998_,2.16µm
_1118_,2.16µm
_1373_,2.16µm
net127,2.16µm
net252,2.16µm
net253,2.16µm
net310,2.16µm
_1032_,2.06µm
_1317_,2.06µm
_1548_,2.06µm
net101,2.06µm
_0112_,2.04µm
_0289_,2.04µm
_0291_,2.04µm
_0398_,2.04µm
_0444_,2.04µm
_0802_,2.04µm
_0985_,2.04µm
_1195_,2.04µm
_1360_,2.04µm
net57,2.04µm
net131,2.04µm
net250,2.04µm
net258,2.04µm
net398,2.04µm
_0380_,1.84µm
_0386_,1.84µm
_0618_,1.84µm
_1426_,1.84µm
net115,1.84µm
_0046_,1.82µm
_0051_,1.82µm
_0058_,1.82µm
_0073_,1.82µm
_0076_,1.82µm
_0083_,1.82µm
_0098_,1.82µm
_1323_,1.82µm
_0004_,1.745µm
_0424_,1.72µm
_0006_,1.7µm
_0048_,1.7µm
_0050_,1.7µm
_0063_,1.7µm
_0196_,1.7µm
_0209_,1.7µm
_0959_,1.7µm
_0967_,1.7µm
_0975_,1.7µm
_1081_,1.7µm
_1126_,1.7µm
_1228_,1.7µm
net136,1.7µm
net370,1.7µm
_1245_,1.65µm
_0511_,1.6µm
net65,1.6µm
_0866_,1.48µm
_1200_,1.48µm
_1416_,1.48µm
_0266_,1.38µm
_0440_,1.38µm
_0492_,1.38µm
_0819_,1.38µm
_1206_,1.38µm
_1213_,1.38µm
net63,1.38µm
net114,1.38µm
_0040_,1.36µm
_0043_,1.36µm
_0045_,1.36µm
_0052_,1.36µm
_0097_,1.36µm
_0339_,1.26µm
_0447_,1.26µm
_0538_,1.26µm
_0939_,1.26µm
_1057_,1.26µm
_1429_,1.26µm
_1449_,1.26µm
_1522_,1.26µm
net100,1.26µm
net137,1.26µm
net81,1.14µm
_0156_,0.92µm
_0180_,0.92µm
_0278_,0.92µm
_0779_,0.92µm
_0824_,0.92µm
_0880_,0.92µm
_1210_,0.92µm
_1221_,0.92µm
_1224_,0.92µm
_0203_,0.8µm
_0781_,0.8µm
_1219_,0.8µm
_0148_,0.46µm
_0171_,0.46µm
_0515_,0.46µm
_0597_,0.46µm
_1482_,0.46µm
